{
    "ambulance": {
        "count": 0,
        "speed": [],
        "timestamp": []
    },
    "bicycle": {
        "count": 1,
        "speed": [],
        "timestamp": []
    },
    "bus": {
        "count": 0,
        "speed": [],
        "timestamp": []
    },
    "car": {
        "count": 21,
        "speed": [
            43.2,
            46.28571428571428,
            43.2,
            43.2,
            54.00000000000019,
            64.80000000000024,
            40.50000000000014,
            41.80645161290331,
            44.6896551724137,
            33.23076923076894,
            46.28571428571409,
            43.2,
            36.00000000000034,
            37.02857142857173,
            44.6896551724137,
            41.80645161290331,
            49.84615384615341,
            44.68965517241502
        ],
        "timestamp": [
            1697879584.0993989,
            1697879610.431333,
            1697879616.81867,
            1697879619.5884473,
            1697879625.8160133,
            1697879637.9985485,
            1697879696.9743824,
            1697879702.926554,
            1697879709.6145546,
            1697879771.4616158,
            1697879789.058271,
            1697879835.1228268,
            1697879872.0525382,
            1697879877.985159,
            1697879882.3142464,
            1697879885.5062828,
            1697879944.7567687,
            1697879948.8086183
        ]
    },
    "motorcycle": {
        "count": 68,
        "speed": [
            58.90909090909097,
            61.71428571428562,
            49.84615384615382,
            51.840000000000074,
            49.84615384615402,
            56.34782608695633,
            44.6896551724137,
            51.840000000000074,
            43.2,
            49.84615384615361,
            38.11764705882354,
            68.21052631578952,
            61.71428571428547,
            54.00000000000019,
            43.2,
            26.999999999999854,
            56.347826086956594,
            56.347826086956594,
            47.999999999999694,
            39.27272727272747,
            46.28571428571409,
            19.636363636363615,
            27.57446808510595,
            44.6896551724137,
            64.80000000000092,
            54.00000000000115,
            56.34782608695763,
            54.00000000000115,
            37.02857142857173,
            56.34782608695763,
            53.99999999999923,
            51.839999999999414,
            24.452830188679062,
            72.00000000000068,
            49.84615384615341,
            68.21052631579028,
            46.28571428571409,
            68.21052631579028,
            44.68965517241502,
            43.2,
            38.117647058823785,
            64.79999999999816,
            34.105263157894385,
            61.714285714286724,
            43.2,
            21.245901639344282,
            56.34782608695763,
            61.714285714284216,
            56.34782608695554,
            58.90909090908969,
            54.00000000000115,
            35.02702702702741,
            46.28571428571409,
            34.10526315789514,
            46.28571428571409,
            44.689655172412394,
            41.80645161290215,
            56.34782608695763,
            39.27272727272646,
            61.71428571428171,
            35.0270270270266
        ],
        "timestamp": [
            1697879588.5072513,
            1697879592.1429348,
            1697879604.7920866,
            1697879605.2905848,
            1697879608.253501,
            1697879610.0063074,
            1697879611.7645996,
            1697879612.0167031,
            1697879613.3387752,
            1697879616.0302927,
            1697879616.9176702,
            1697879626.785013,
            1697879631.7734854,
            1697879644.410419,
            1697879661.309867,
            1697879661.828867,
            1697879690.1740766,
            1697879695.5581782,
            1697879710.7775788,
            1697879712.0896046,
            1697879719.9080336,
            1697879742.7545967,
            1697879751.6693165,
            1697879761.3438563,
            1697879776.1792371,
            1697879777.7172682,
            1697879777.8692765,
            1697879778.5812888,
            1697879780.030313,
            1697879780.915615,
            1697879790.12527,
            1697879792.2462132,
            1697879793.6452355,
            1697879794.3862355,
            1697879795.0852358,
            1697879805.810048,
            1697879806.2090476,
            1697879807.806494,
            1697879808.004458,
            1697879824.5078561,
            1697879829.9093375,
            1697879854.6008308,
            1697879857.1137087,
            1697879857.1607087,
            1697879858.695655,
            1697879871.445527,
            1697879884.8542745,
            1697879885.8502827,
            1697879887.1795287,
            1697879889.7165651,
            1697879891.6904166,
            1697879904.6086512,
            1697879907.8443954,
            1697879911.1941674,
            1697879941.845707,
            1697879943.2656255,
            1697879946.0966585,
            1697879948.132618,
            1697879952.6755939,
            1697879955.2071044,
            1697879956.5000782
        ]
    },
    "person": {
        "count": 1,
        "speed": [],
        "timestamp": []
    },
    "truck": {
        "count": 2,
        "speed": [],
        "timestamp": []
    }
}