{
    "ambulance": {
        "count": [],
        "speed": [],
        "speed_timestamp": []
    },
    "bicycle": {
        "count": [
            1697879622.2085114
        ],
        "speed": [],
        "speed_timestamp": []
    },
    "bus": {
        "count": [],
        "speed": [],
        "speed_timestamp": []
    },
    "car": {
        "count": [
            1697879573.2044358,
            1697879578.8729997,
            1697879606.599626,
            1697879615.3130434,
            1697879623.877671,
            1697879630.3018231,
            1697879637.8784106,
            1697879695.6516025,
            1697879699.9597876,
            1697879701.72086,
            1697879702.7798607,
            1697879708.5642548,
            1697879767.712619,
            1697879781.1208873,
            1697879835.5093663,
            1697879875.4392226,
            1697879882.0017607,
            1697879882.3817606,
            1697879886.888594,
            1697879888.207142,
            1697879952.8336816
        ],
        "speed": [
            43.2,
            46.28571428571428,
            43.2,
            43.2,
            54.00000000000019,
            64.80000000000024,
            40.50000000000014,
            41.80645161290331,
            44.6896551724137,
            33.23076923076894,
            46.28571428571409,
            43.2,
            36.00000000000034,
            37.02857142857173,
            44.6896551724137,
            41.80645161290331,
            49.84615384615341,
            44.68965517241502
        ],
        "speed_timestamp": [
            1697879584.0585415,
            1697879610.5120485,
            1697879616.5468378,
            1697879619.3596768,
            1697879626.2042065,
            1697879639.4539595,
            1697879699.7567883,
            1697879705.3220704,
            1697879711.6486018,
            1697879771.0690958,
            1697879787.925674,
            1697879839.312255,
            1697879880.4237123,
            1697879886.9345589,
            1697879891.7523217,
            1697879895.2740884,
            1697879956.5658512,
            1697879960.7054677
        ]
    },
    "motorcycle": {
        "count": [
            1697879573.2044358,
            1697879585.7163682,
            1697879588.3148377,
            1697879596.7585537,
            1697879602.455349,
            1697879602.455349,
            1697879607.0316262,
            1697879608.1826577,
            1697879611.8006823,
            1697879624.8317118,
            1697879625.209732,
            1697879628.5822263,
            1697879633.9225185,
            1697879635.83081,
            1697879643.400167,
            1697879645.3491926,
            1697879656.8471675,
            1697879659.6198587,
            1697879691.0296555,
            1697879694.2716033,
            1697879702.73086,
            1697879706.4428015,
            1697879708.9832547,
            1697879724.4308465,
            1697879733.2587783,
            1697879744.6157448,
            1697879757.273795,
            1697879772.7176087,
            1697879773.3500462,
            1697879773.3990784,
            1697879775.0034814,
            1697879776.659215,
            1697879787.3856742,
            1697879787.3856742,
            1697879788.3369045,
            1697879788.9179046,
            1697879790.563449,
            1697879804.158932,
            1697879804.158932,
            1697879804.4466813,
            1697879806.671359,
            1697879822.487713,
            1697879852.7666674,
            1697879858.4048102,
            1697879861.2995155,
            1697879862.611244,
            1697879862.6572437,
            1697879864.8387907,
            1697879876.623065,
            1697879892.1768248,
            1697879893.0793452,
            1697879897.9435995,
            1697879898.1355991,
            1697879909.1563938,
            1697879914.1147196,
            1697879915.2167451,
            1697879947.8389802,
            1697879948.3719957,
            1697879951.8114383,
            1697879951.8124375,
            1697879952.8838449,
            1697879953.9246566,
            1697879955.810217,
            1697879960.154711,
            1697879962.9239552,
            1697879968.811932,
            1697879974.3109736,
            1697879975.4525044
        ],
        "speed": [
            58.90909090909097,
            61.71428571428562,
            49.84615384615382,
            51.840000000000074,
            49.84615384615402,
            56.34782608695633,
            44.6896551724137,
            51.840000000000074,
            43.2,
            49.84615384615361,
            38.11764705882354,
            68.21052631578952,
            61.71428571428547,
            54.00000000000019,
            43.2,
            26.999999999999854,
            56.347826086956594,
            56.347826086956594,
            47.999999999999694,
            39.27272727272747,
            46.28571428571409,
            19.636363636363615,
            27.57446808510595,
            44.6896551724137,
            64.80000000000092,
            54.00000000000115,
            56.34782608695763,
            54.00000000000115,
            37.02857142857173,
            56.34782608695763,
            53.99999999999923,
            51.839999999999414,
            24.452830188679062,
            72.00000000000068,
            49.84615384615341,
            68.21052631579028,
            46.28571428571409,
            68.21052631579028,
            44.68965517241502,
            43.2,
            38.117647058823785,
            64.79999999999816,
            34.105263157894385,
            61.714285714286724,
            43.2,
            21.245901639344282,
            56.34782608695763,
            61.714285714284216,
            56.34782608695554,
            58.90909090908969,
            54.00000000000115,
            35.02702702702741,
            46.28571428571409,
            34.10526315789514,
            46.28571428571409,
            44.689655172412394,
            41.80645161290215,
            56.34782608695763,
            39.27272727272646,
            61.71428571428171,
            35.0270270270266
        ],