{
    "ambulance": {
        "count": 0,
        "speed": [],
        "timestamp": []
    },
    "bicycle": {
        "count": 1,
        "speed": [],
        "timestamp": []
    },
    "bus": {
        "count": 0,
        "speed": [],
        "timestamp": []
    },
    "car": {
        "count": 7,
        "speed": [
            44.689655172413836,
            53.99999999999971,
            44.6896551724137,
            44.6896551724137,
            1296.0000000000737,
            51.8400000000003
        ],
        "timestamp": [
            1698063316.482911,
            1698063379.0013056,
            1698063435.0245106,
            1698063436.690715,
            1698063440.1929865,
            1698063444.8049068
        ]
    },
    "motorcycle": {
        "count": 29,
        "speed": [
            51.839999999999854,
            49.84615384615402,
            46.28571428571428,
            58.90909090909083,
            48.00000000000008,
            54.00000000000019,
            39.27272727272723,
            43.2,
            56.347826086956594,
            54.00000000000019,
            58.90909090909083,
            44.6896551724137,
            49.84615384615382,
            51.839999999999854,
            44.68965517241436,
            48.00000000000046,
            44.68965517241436,
            46.28571428571409,
            39.27272727272697,
            54.00000000000019,
            46.2857142857148,
            31.60975609756113,
            51.8400000000003,
            43.2
        ],
        "timestamp": [
            1698063350.0974026,
            1698063352.4228745,
            1698063353.3789427,
            1698063353.6179423,
            1698063354.8976152,
            1698063355.231466,
            1698063357.1903234,
            1698063357.2374232,
            1698063359.1989143,
            1698063363.2907655,
            1698063372.4684613,
            1698063379.1923306,
            1698063380.4751318,
            1698063380.4751318,
            1698063413.2012582,
            1698063437.7236342,
            1698063438.6422763,
            1698063439.0743012,
            1698063440.3999906,
            1698063441.2844665,
            1698063441.744346,
            1698063443.0932128,
            1698063446.9832585,
            1698063451.1434488
        ]
    },
    "person": {
        "count": 0,
        "speed": [],
        "timestamp": []
    },
    "truck": {
        "count": 0,
        "speed": [],
        "timestamp": []
    }
}